Titre,top_fnac_1,top_fnac_2_plus,top_babelio,classement_babelio,Catégorie,top_livraddict,Année,Prix,prix_19_23,type_de_document,Nb_réservations_bibli,Classement_bibliothèque,Top_bibliothèque,Auteur,in_youtube,nb_youtube
(très) cher cinéma français,0.0,0.0,0.0,,,0.0,2019.0,Prix Renaudot essai,1.0,,,,0.0,Éric Neuhoff,0,0
555,0.0,0.0,0.0,,,0.0,2022.0,Grand prix RTL-Lire,1.0,,,,0.0,Hélène Gestern,1,127
adieu birkenau,1.0,0.0,0.0,,Bd,1.0,,,0.0,,,,0.0,Ginette Kolinka,0,0
adieu tanger,0.0,0.0,0.0,,,0.0,2023.0,Prix France Culture-Télérama,1.0,,,,0.0,Salma El Moumni,0,0
adios cow boy,0.0,0.0,0.0,,,0.0,2020.0,Prix du premier roman,1.0,,,,0.0,Olja Savičević Ivančević,0,0
anatèm,0.0,0.0,0.0,,,0.0,2019.0,Jacques Collin,1.0,,,,0.0,Neal Stephenson,0,0
apeirogon,0.0,0.0,0.0,,,0.0,2021.0,Grand prix des lectrices de Elle,1.0,,,,0.0,Colum McCann,0,0
arcadie,0.0,0.0,0.0,,,0.0,2019.0,Prix du Livre Inter,1.0,,,,0.0,Emmanuelle Bayamack-Tam,0,0
argonne,0.0,0.0,0.0,,,0.0,2022.0,Prix Terre de France - Ouest-France,1.0,,,,0.0,Stéphane Emond ,1,1
"astérix, hors collection : l’empire du milieu",1.0,1.0,0.0,,,0.0,,,0.0,,,,0.0,"Fabrice Tarrin, Olivier Gay",0,0
"astérix, tome 40 : l’iris blanc",1.0,1.0,0.0,,,0.0,,,0.0,,,,0.0,"Didier Conrad, Fabcaro",0,0
attaque au clair de lune,0.0,0.0,0.0,,,0.0,,,0.0,Bande dessinée jeunesse,196.0,14.0,1.0,"Oda,  Eiichiro",0,0
attaquer la terre et le soleil,0.0,0.0,0.0,,,0.0,2022.0,Prix littéraire du Monde,1.0,,,,0.0,Mathieu Belezi,0,0
au bout de la nuit,0.0,0.0,0.0,,,0.0,2019.0,Grand prix Roman de l'été de Femme Actuelle,1.0,,,,0.0,Bruno Bouzounie,0,0
au cœur d'un été tout en or,0.0,0.0,0.0,,,0.0,2020.0,Prix Goncourt de la nouvelle,1.0,,,,0.0,Anne Serre,0,0
au pays des contes défaits,0.0,0.0,0.0,,,0.0,,,0.0,Bande dessinée jeunesse,134.0,21.0,1.0,Mr Tan,0,0
au vent mauvais,0.0,0.0,0.0,,,0.0,2022.0,Prix France Culture-Télérama,1.0,,,,0.0,Kaouther Adimi,0,0
"avant blake et mortimer, tome 2 : la flèche ardente",1.0,0.0,0.0,,,0.0,,,0.0,,,,0.0,"Van Hamme, Cailleaux , Schréder",0,0
avant la longue flamme rouge,0.0,0.0,0.0,,,0.0,2020.0,Prix Orange du Livre,1.0,,,,0.0,Guillaume Sire,0,0
avant que j'oublie,0.0,0.0,0.0,,,0.0,2020.0,Prix du Livre Inter,1.0,,,,0.0,Anne Pauly,1,1
avant que le monde ne se ferme,0.0,0.0,0.0,,,0.0,2021.0,Prix Première Plume,1.0,,,,0.0,Alain Mascaro,0,0
babel,0.0,0.0,0.0,,Fantasy,1.0,,,0.0,,,,0.0,R. F. Kuang,1,1
"bellatrix, tome 1",1.0,0.0,0.0,,,0.0,,,0.0,,,,0.0,Léo,0,0
"bergères guerrières, tome 3",0.0,0.0,0.0,,,0.0,,,0.0,Bande dessinée jeunesse,82.0,47.0,1.0,"Garnier,  Jonathan",0,0
betty,0.0,0.0,0.0,,,0.0,2020.0,Prix du roman Fnac,1.0,,,,0.0,Arnaldur Indridason,0,0
beyond the story : 10 ans de souvenirs de bts,0.0,0.0,0.0,,Histoire vraie,1.0,,,0.0,,,,0.0,Myeongseok Kang et  BTS,0,0
"beyond the story, 10 ans de souvenirs de bts",1.0,0.0,0.0,,,0.0,,,0.0,,,,0.0,Bangtang Boys,0,0
beyrouth-sur-seine,0.0,0.0,0.0,,,0.0,2022.0,Prix Goncourt des lycéens,1.0,,,,0.0,Sabyl Ghoussoub,0,0
"blacksad, tome 7 : alors, tout tombe (seconde partie)",1.0,1.0,0.0,,,0.0,,,0.0,,,,0.0,"Juan Diaz Canalès, Juanjo Guarnido",0,0
blake & mortimer : l’art de la guerre,1.0,0.0,0.0,,,0.0,,,0.0,,,,0.0,"Floc’h, Jean-Luc Fromental, José-Luis Bocquet",0,0
"bleak,3 histoires d’horreur,volume 2",1.0,0.0,0.0,,,0.0,,,0.0,,,,0.0,Squeezie,0,0
blizzard,0.0,0.0,0.0,,,0.0,2022.0,Prix des libraires,1.0,,,,0.0,Marie Vingtras,1,2
"blue lock, tome 1",0.0,0.0,0.0,,,0.0,,,0.0,Bande dessinée jeunesse,64.0,77.0,1.0,"Kaneshiro,  Muneyuki",0,0
bluebird,0.0,0.0,0.0,,Sf,1.0,,,0.0,,,,0.0,Ciel Pierlot,0,0
bonnet d'âne !,0.0,0.0,0.0,,,0.0,,,0.0,Livre adulte,71.0,57.0,1.0,"Beaton,  M.C.",0,0
"brumes, tome 1 : la brume et les larmes",0.0,0.0,0.0,,Romantasy,1.0,,,0.0,,,,0.0,Laura Collins,0,0
c'est comme ça que je disparais,0.0,0.0,0.0,,,0.0,,,0.0,Bande dessinée ado,70.0,59.0,1.0,"Malle,  Mirion",0,0
"captive, tome 1",1.0,1.0,0.0,,,0.0,,,0.0,,,,0.0,Sarah Rivens,0,0
"captive, tome 1.5 : perfectly wrong",1.0,0.0,0.0,,,0.0,,,0.0,,,,0.0,Sarah Rivens,0,0
"captive, tome 2",1.0,1.0,1.0,6.0,,0.0,,,0.0,,,,0.0,Sarah Rivens,0,0
ce monde est tellement beau,0.0,0.0,0.0,,,0.0,2021.0,Prix Jean-Freustié,1.0,,,,0.0,Sébastien Lapaque,0,0
ce qu'il faut de nuit,0.0,0.0,0.0,,,0.0,2020.0,Prix Femina des lycéens,1.0,,,,0.0,Laurent Petitmangin,0,0
ce que je sais de toi,0.0,0.0,0.0,,,0.0,2023.0,Prix Femina des lycéens,1.0,,,,0.0,Éric Chacour,0,0
ceci n'est pas un fait divers,0.0,0.0,1.0,9.0,,0.0,,,0.0,,,,0.0,Philippe Besson,0,0
cent mille ans,0.0,0.0,0.0,,,0.0,2021.0,Prix Amerigo-Vespucci de la BD géographique,1.0,,,,0.0,Gaspard d’Allens,1,1
cette inconnue,0.0,0.0,0.0,,,0.0,2020.0,Prix Jean-Freustié,1.0,,,,0.0,Anne-Sophie Stefanini,0,0
chaperlipopette !,0.0,0.0,0.0,,,0.0,,,0.0,Bande dessinée jeunesse,56.0,85.0,1.0,Mr Tan,0,0
charles de gaulle,0.0,0.0,0.0,,,0.0,2020.0,Prix Renaudot du livre de poche,1.0,,,,0.0,Éric Roussel,0,0
"chaudun, la montagne blessée",0.0,0.0,0.0,,,0.0,2021.0,Prix Amerigo-Vespucci,1.0,,,,0.0,Luc Bronner,0,0
chavirer,0.0,0.0,0.0,,,0.0,2020.0,Prix France Culture-Télérama,1.0,Livre adulte,92.0,40.0,1.0,Lola Lafon,1,1
chevalier chouette,0.0,0.0,0.0,,Albums,1.0,,,0.0,,,,0.0,Christopher Denise,0,0
chien 51,0.0,0.0,0.0,,,0.0,,,0.0,Livre adulte,241.0,10.0,1.0,"Gaudé,  Laurent",0,0
chienne et louve,0.0,0.0,0.0,,,0.0,2022.0,Prix de Flore,1.0,,,,0.0,Joffrine Donnadieu,0,0
choses sérieuses,0.0,0.0,0.0,,,0.0,,,0.0,Bande dessinée adulte,99.0,33.0,1.0,"Oseman,  Alice",0,0
châteaux de sable,0.0,0.0,0.0,,,0.0,2022.0,Prix de l'Académie française Maurice-Genevoix,1.0,,,,0.0,Louis-Henri de La Rochefoucauld,0,0
châteaux de sable,0.0,0.0,0.0,,,0.0,2022.0,Prix des Deux Magots,1.0,,,,0.0,Louis-Henri de La Rochefoucauld,0,0
civilizations,0.0,0.0,0.0,,,0.0,2019.0,Grand prix du roman de l'Académie française,1.0,,,,0.0,Laurent Binet,0,0
coeur du passé,0.0,0.0,0.0,,,0.0,,,0.0,Bande dessinée jeunesse,94.0,38.0,1.0,"Sobral,  Patrick",0,0
comme un ciel en nous,0.0,0.0,0.0,,,0.0,2021.0,Prix Médicis essai,1.0,,,,0.0,Jakuta Alikavazovic,0,0
"confluence, tome 1 : ce qui naît des abysses",0.0,0.0,0.0,,Sf,1.0,,,0.0,,,,0.0,Sylvie Poulain,0,0
connaissance illimitée,1.0,0.0,0.0,,,0.0,,,0.0,,,,0.0,Mohamed Boclet,0,0
conte de fées,1.0,0.0,1.0,19.0,,0.0,,,0.0,,,,0.0,Stephen King,1,2
"cosmoknights, tome 1",0.0,0.0,0.0,,Comics,1.0,,,0.0,,,,0.0,Hannah Templer,0,0
"cosy christmas mystery, tome 1 : retour à st mary hill",0.0,0.0,0.0,,Cosy mystery,1.0,,,0.0,,,,0.0,Carine Pitocchi,0,0
court vêtue,0.0,0.0,0.0,,,0.0,2019.0,Prix Goncourt du premier roman,1.0,,,,0.0,Marie Gauthier,0,0
croire aux fauves,0.0,0.0,0.0,,,0.0,,,0.0,Livre adulte,58.0,83.0,1.0,"Martin,  Nastassja",0,0
croix de cendre,0.0,0.0,0.0,,,0.0,2023.0,Liste Goncourt : le choix polonais,1.0,,,,0.0,Antoine Sénanque,0,0
"crook haven, tome 1 : l'école des voleurs",0.0,0.0,0.0,,Jeunesse,1.0,,,0.0,,,,0.0,J. J. Arcanjo,0,0
dans la forêt des larmes,0.0,0.0,0.0,,Contemporain,1.0,,,0.0,,,,0.0,Glendy Vanderah,0,0
dans le faisceau des vivants,0.0,0.0,0.0,,,0.0,2019.0,Prix France Télévisions,1.0,,,,0.0,Valérie Zenatti,0,0
dans les brumes de capelans,0.0,0.0,0.0,,,0.0,,,0.0,Livre adulte,398.0,5.0,1.0,"Norek,  Olivier",0,0
dans mon obscurité,0.0,0.0,0.0,,Thriller,1.0,,,0.0,,,,0.0,Valentin Musso,0,0
"de gaulle, une vie. l'homme de personne (1890-1944)",0.0,0.0,0.0,,,0.0,2023.0,Prix Renaudot essai,1.0,,,,0.0,Jean-Luc Barré,0,0
de parcourir le monde et d'y rôder,0.0,0.0,0.0,,,0.0,2020.0,Prix Décembre,1.0,,,,0.0,Gregory Le Floch,0,0
de pierre et d'os,0.0,0.0,0.0,,,0.0,2019.0,Prix du roman Fnac,1.0,,,,0.0,Bérengère Cournut,0,0
"demon slayer : kimetsu no yaiba, tome 12",0.0,0.0,0.0,,,0.0,,,0.0,Bande dessinée jeunesse,98.0,34.0,1.0,"Gotouge,  Koyoharu",0,0
dernier travail,0.0,0.0,0.0,,,0.0,2022.0,Feuille d'or de la ville de Nancy,1.0,,,,0.0,Thierry Beinstingel,0,0
dersou ouzala,0.0,0.0,0.0,,,0.0,2021.0,Prix Russophonie,1.0,,,,0.0,Yves Gauthier,0,0
des diables et des saints,0.0,0.0,0.0,,,0.0,2021.0,Grand prix RTL-Lire,1.0,,,,0.0,Jean-Baptiste Andrea,0,0
des gens comme eux,0.0,0.0,0.0,,,0.0,2020.0,Prix Eugène-Dabit du roman populiste,1.0,,,,0.0,Samira Sedira,0,0
des vivants,0.0,0.0,0.0,,,0.0,,,0.0,Bande dessinée ado,127.0,24.0,1.0,"Meltz,  Raphaël",1,4
du thé pour les fantômes,0.0,0.0,0.0,,Fantastique,1.0,,,0.0,,,,0.0,Chris Vuklisevic,0,0
déjeunons sur l'herbe,0.0,0.0,0.0,,,0.0,2022.0,Prix Renaudot essai,1.0,,,,0.0,Guillaume Durand,0,0
dérangé que je suis,0.0,0.0,0.0,,,0.0,2019.0,Prix France Télévisions,1.0,,,,0.0,Ali Zamir,0,0
elle a menti pour les ailes,0.0,0.0,0.0,,,0.0,2020.0,Prix littéraire du Monde,1.0,,,,0.0,Francesca Serra,0,0
"elles, tome 3 : plurielle(s)",1.0,0.0,0.0,,,0.0,,,0.0,,,,0.0,"Kid Toussaint, Aveline Stokart",0,0
en éclaireur,0.0,0.0,0.0,,,0.0,2023.0,Prix Fragonard de littérature étrangère,1.0,,,,0.0,Yōko Tawada,0,0
"engélion, tome 1 : illuminer les cieux",0.0,0.0,0.0,,Young adult,1.0,,,0.0,,,,0.0,Justine Tiphagne,0,0
et la guerre est finie...,0.0,0.0,0.0,,,0.0,2021.0,Prix Goncourt de la nouvelle,1.0,,,,0.0,Shmuel T. Meyer,0,0
et toujours les forêts,0.0,0.0,0.0,,,0.0,2020.0,Prix de la Closerie des Lilas,1.0,,,,0.0,Sandrine Collette,0,0
et vous passerez comme des vents fous,0.0,0.0,0.0,,,0.0,2023.0,Prix Terre de France - Ouest-France,1.0,,,,0.0,Clara Arnaud,0,0
"et à la fin, ils meurent : la sale vérité sur les contes de fées",0.0,0.0,0.0,,,0.0,,,0.0,Bande dessinée ado,100.0,32.0,1.0,"Lubie,  Lou",0,0
etés anglais,0.0,0.0,0.0,,,0.0,,,0.0,Livre adulte,170.0,15.0,1.0,"Howard,  Elizabeth Jane",0,0
eugenia,0.0,0.0,0.0,,,0.0,2019.0,Prix Anaïs-Nin,1.0,,,,0.0,Lionel Duroy,0,0
"fae de sel et de sang, tome 1 : la dernière couronne",0.0,0.0,0.0,,Romantasy,1.0,,,0.0,,,,0.0,Eulalie Lombard,0,0
faites votre glucose révolution : la formule scientifique efficace pour perdre du poids et retrouver votre énergie,0.0,0.0,0.0,,,0.0,,,0.0,Livre adulte,261.0,8.0,1.0,"Inchauspé,  Jessie",0,0
fallen angel,1.0,1.0,0.0,,,0.0,,,0.0,,,,0.0,Camille Creati,0,0
fenua,0.0,0.0,0.0,,,0.0,2022.0,Prix Joseph-Kessel,1.0,,,,0.0,Patrick Deville,0,0
fils de personne,0.0,0.0,0.0,,,0.0,2023.0,Prix du Quai des Orfèvres,1.0,,,,0.0,Jean-François Pasques,0,0
fin de combat,0.0,0.0,0.0,,,0.0,2020.0,Prix Médicis essai,1.0,,,,0.0,Karl Ove Knausgård,0,0
"finlay donovan est mortelle, tome 1 : comment j’ai tué ton mari",0.0,0.0,0.0,,Cosy mystery,1.0,,,0.0,,,,0.0,Elle Cosimano,0,0
fritz,0.0,0.0,0.0,,,0.0,2020.0,Isy Ochoa,1.0,,,,0.0,Coline Pierré,1,1
game over,0.0,0.0,0.0,,,0.0,,,0.0,Bande dessinée jeunesse,87.0,44.0,1.0,"Dequier,  Bruno",0,0
"gaston lagaffe, tome 22 : le retour de lagaffe",1.0,1.0,0.0,,,0.0,,,0.0,,,,0.0,"Delaf, Franquin",0,0
georges perec,0.0,0.0,0.0,,,0.0,2023.0,Prix Goncourt de la biographie,1.0,,,,0.0,Claude Burgelin,0,0
giono furioso,0.0,0.0,0.0,,,0.0,2019.0,Prix Femina essai,1.0,,,,0.0,Emmanuelle Lambert,0,0
happy hours,1.0,0.0,0.0,,,0.0,,,0.0,,,,0.0,Anna RVR,0,0
harry potter et la chambre des secrets,0.0,0.0,0.0,,,0.0,,,0.0,Livre jeunesse,74.0,52.0,1.0,"Rowling,  Joanne Kathleen",0,0
hauteclaire,0.0,0.0,0.0,,,0.0,2023.0,Grand prix Roman de l'été de Femme Actuelle,1.0,,,,0.0,Dominique Delplace,0,0
helstrid,0.0,0.0,0.0,,,0.0,2020.0,Helstrid,1.0,,,,0.0,Christian Léourier,0,0
"hirayasumi, tome 1",0.0,0.0,0.0,,Manga,1.0,,,0.0,,,,0.0,Keigo Shinzo,0,0
histoire de jérusalem,1.0,1.0,0.0,,,0.0,,,0.0,,,,0.0,"Vincent Lemire, Christophe Gaultier",0,0
histoire de se laver,0.0,0.0,0.0,,,0.0,2023.0,Prix Amerigo-Vespucci Jeunesse,1.0,,,,0.0,Ingrid Thobois,0,0
histoire du fils,0.0,0.0,0.0,,,0.0,2020.0,Prix Renaudot,1.0,,,,0.0,Marie-Hélène Lafon,0,0
hokusai et le fujisan,0.0,0.0,0.0,,,0.0,2022.0,Prix Amerigo-Vespucci Jeunesse,1.0,,,,0.0,Eva Bensard,0,0
"hugo pratt, trait pour trait",0.0,0.0,0.0,,,0.0,2020.0,Prix Goncourt de la biographie,1.0,,,,0.0,Thierry Thomas,0,0
humus,0.0,0.0,0.0,,,0.0,2023.0,Prix Interallié,1.0,,,,0.0,Gaspard Koenig,0,0
héritage,0.0,0.0,0.0,,,0.0,2021.0,Prix des libraires,1.0,,,,0.0,Miguel Bonnefoy,1,18
icebreaker,1.0,0.0,0.0,,,0.0,,,0.0,,,,0.0,Hannah Grace,0,0
impasse verlaine,0.0,0.0,0.0,,,0.0,2020.0,Prix littéraire ENS Paris-Saclay,1.0,,,,0.0,Dalie Farah,0,0
insolente veggie,0.0,0.0,0.0,,,0.0,2020.0,Prix Maya,1.0,,,,0.0,Rosa B.,0,0
"im not your soulmate, tome 1 : the perfect match",0.0,0.0,1.0,15.0,,0.0,,,0.0,,,,0.0,Lyla Mars,0,0
j'ai oublié,0.0,0.0,0.0,,,0.0,2019.0,Prix Médicis essai,1.0,,,,0.0,Bulle Ogier,1,22
je me souviens de falloujah,0.0,0.0,0.0,,,0.0,2023.0,Prix Amerigo-Vespucci,1.0,,,,0.0,Feurat Alani,0,0
je ne reverrai plus le monde,0.0,0.0,0.0,,,0.0,2019.0,"Prix André-Malraux, catégorie roman engagé",1.0,,,,0.0,Ahmet Altan,0,0
je suis au monde,0.0,0.0,0.0,,,0.0,2021.0,Prix Amerigo-Vespucci Jeunesse,1.0,,,,0.0,Pierre Ducrozet,0,0
je suis au-delà de la mort !,0.0,0.0,0.0,,Bd,1.0,,,0.0,,,,0.0,L'homme étoilé,0,0
jean-luc et jean-claude,0.0,0.0,0.0,,,0.0,2022.0,Prix Stanislas du premier roman,1.0,,,,0.0,Laurence Potte-Bonneville,0,0
joseph kabris ou les possibilités d'une vie,0.0,0.0,0.0,,,0.0,2020.0,Prix Femina essai,1.0,,,,0.0,Christophe Granger,0,0
"journal inquiet d'istanbul, tome 1",0.0,0.0,0.0,,,0.0,,,0.0,Bande dessinée ado,60.0,82.0,1.0,"Karabulut,  Ersin",0,0
"kaamelott, tome 10 : karadoc et l’icosaèdre",1.0,0.0,0.0,,,0.0,,,0.0,,,,0.0,"Steven Dupré, Alexandre Astier",0,0
kilomètre zéro : le chemin du bonheur,0.0,0.0,0.0,,,0.0,,,0.0,Livre adulte,68.0,64.0,1.0,"Ankaoua,  Maud",0,0
l'accident de chasse,0.0,0.0,0.0,,,0.0,2021.0,L'Accident de chasse,1.0,,,,0.0,David Carson,0,0
l'anomalie,0.0,0.0,0.0,,,0.0,2020.0,Prix Goncourt,1.0,,,,0.0,Hervé Le Tellier,0,0
"l'atelier des sorciers, tome 3",0.0,0.0,0.0,,,0.0,,,0.0,Bande dessinée jeunesse,60.0,81.0,1.0,"Shirahama,  Kamome",0,0
l'autre moitié du monde,0.0,0.0,0.0,,,0.0,2022.0,Prix Orange du Livre,1.0,,,,0.0,Laurine Roux,0,0
l'eau qui passe,0.0,0.0,0.0,,,0.0,2019.0,Prix Jean-Freustié,1.0,,,,0.0,Frank Maubert,0,0
l'effet boule de neige,0.0,0.0,0.0,,Young adult,1.0,,,0.0,,,,0.0,Clara Héraut,0,0
l'enragé,0.0,0.0,1.0,10.0,,0.0,,,0.0,,,,0.0,Sorj Chalandon,0,0
l'escalade,0.0,0.0,0.0,,,0.0,,,0.0,Bande dessinée jeunesse,96.0,35.0,1.0,Dugomier,1,2
l'opération dressrosa s.o.p.,0.0,0.0,0.0,,,0.0,,,0.0,Bande dessinée jeunesse,67.0,70.0,1.0,"Oda,  Eiichiro",0,0
l'âge de détruire,0.0,0.0,0.0,,,0.0,2023.0,Prix Goncourt du premier roman,1.0,,,,0.0,Pauline Peyrade,0,0
l'étoile du soir,0.0,0.0,0.0,,Jeunesse,1.0,,,0.0,,,,0.0,Siècle Vaëlban,0,0
l'évangile selon myriam,0.0,0.0,0.0,,,0.0,2022.0,Prix Rosny aîné « Roman »,1.0,,,,0.0,Ketty Steward,0,0
la carte postale,0.0,0.0,0.0,,,0.0,2022.0,Anne Berest,1.0,,,,0.0,Anne Berest,0,0
"la chair et le feu, tome 1 : une ombre dans la braise",0.0,0.0,0.0,,Romantasy,1.0,,,0.0,,,,0.0,Jennifer L. Armentrout,0,0
la chaleur,0.0,0.0,0.0,,,0.0,2019.0,Prix Femina des lycéens,1.0,,,,0.0,Victor Jestin,1,21
la chambre du fils,0.0,0.0,0.0,,,0.0,,,0.0,Livre adulte,91.0,43.0,1.0,"Horst,  Jørn Lier",0,0
"la chronique des bridgerton, tome 5 & 6",0.0,0.0,0.0,,,0.0,,,0.0,Livre adulte,81.0,48.0,1.0,"Quinn,  Julia",0,0
la clause paternelle,0.0,0.0,0.0,,,0.0,2021.0,Prix Médicis étranger,1.0,,,,0.0,Jonas Hassen Khemiri,0,0
la colère,0.0,0.0,0.0,,Thriller,1.0,,,0.0,,,,0.0,S. A. Cosby,1,34
la colère et l'envie,0.0,0.0,0.0,,,0.0,2023.0,Prix littéraire de la vocation,1.0,,,,0.0,Alice Renard,0,0
la colère et l'oubli,0.0,0.0,0.0,,,0.0,2023.0,Prix Femina essai,1.0,,,,0.0,Hugo Micheron,0,0
la comète,0.0,0.0,0.0,,Albums,1.0,,,0.0,,,,0.0,Joe Todd-Stanton,0,0
"la confrérie du sang, tome 1 : l'ombre des dieux",0.0,0.0,0.0,,Fantasy,1.0,,,0.0,,,,0.0,John Gwynne,0,0
la conjonction dorée,0.0,0.0,0.0,,,0.0,2020.0,Grand prix Roman de l'été de Femme Actuelle,1.0,,,,0.0,Benoît Sagaro,0,0
la couleur des choses,0.0,0.0,0.0,,,0.0,2023.0,Fauve d'or : prix du meilleur album,1.0,,,,0.0,Martin Panchaud,0,0
"la demoiselle et le mousquetaire, tome 1 : funestes fiançailles",0.0,0.0,0.0,,Cosy mystery,1.0,,,0.0,,,,0.0,S. D. Fischer,0,0
la diplomatie n'est pas un dîner de gala - mémoires d'un ambassadeur,0.0,0.0,0.0,,,0.0,2019.0,Prix François-Mauriac de la région Aquitaine,1.0,,,,0.0,Claude Martin,0,0
la décision,0.0,0.0,0.0,,,0.0,,,0.0,Livre adulte,755.0,1.0,1.0,"Tuil,  Karine",1,17
la dépendance,0.0,0.0,0.0,,,0.0,2022.0,Prix Femina étranger,1.0,,,,0.0,Rachel Cusk,1,5
la faille,1.0,1.0,1.0,7.0,,0.0,,,0.0,,,,0.0,Franck Thilliez,1,2
"la femme de ménage, tome 1",0.0,0.0,1.0,8.0,Thriller,1.0,,,0.0,,,,0.0,Freida McFadden,0,0
la femme en moi,1.0,0.0,0.0,,,0.0,,,0.0,,,,0.0,Britney Spears,0,0
la femme et l'oiseau,0.0,0.0,0.0,,,0.0,2021.0,Feuille d'or de la ville de Nancy,1.0,,,,0.0,Isabelle Sorente,0,0
la fille à la robe rayée,0.0,0.0,0.0,,Historique,1.0,,,0.0,,,,0.0,Ellie Midwood,0,0
la fin d'une ère,0.0,0.0,0.0,,,0.0,,,0.0,Livre adulte,79.0,51.0,1.0,"Howard,  Elizabeth Jane",0,0
la fin des monstres : récit d'une trajectoire trans,0.0,0.0,0.0,,Histoire vraie,1.0,,,0.0,,,,0.0,Tal Madesta,0,0
"la france sous nos yeux : économie, paysages, nouveaux modes de vie",0.0,0.0,0.0,,,0.0,,,0.0,Livre adulte,239.0,11.0,1.0,"Fourquet,  Jérôme",0,0
la fée des neiges,0.0,0.0,0.0,,Manga,1.0,,,0.0,,,,0.0,Tomo Serizawa,0,0
la grande épreuve,0.0,0.0,0.0,,,0.0,2020.0,Grand prix du roman de l'Académie française,1.0,,,,0.0,Etienne de Montety,0,0
la grâce,0.0,0.0,0.0,,,0.0,2020.0,Prix de Flore,1.0,,,,0.0,Thibault de Montaigu,1,13
la joie peut-être,0.0,0.0,0.0,,,0.0,2019.0,Prix Heredia,1.0,,,,0.0,Denis Rigal,0,0
la maison,0.0,0.0,0.0,,,0.0,2019.0,Prix France Culture-Télérama,1.0,Livre adulte,61.0,79.0,1.0,Emma Becker,1,77
la mariée portait des bottes jaunes,1.0,1.0,0.0,,,0.0,,,0.0,,,,0.0,Katherine Pancol,0,0
la mer de la tranquillité,0.0,0.0,0.0,,Sf,1.0,,,0.0,,,,0.0,Emily St. John Mandel,0,0
la mort n’existe pas,1.0,0.0,0.0,,,0.0,,,0.0,,,,0.0,Stéphane Allix,0,0
la muse rouge,0.0,0.0,0.0,,,0.0,2022.0,Prix du Quai des Orfèvres,1.0,,,,0.0,Véronique de Haas,0,0
la mécanique du ciel,0.0,0.0,0.0,,,0.0,2020.0,Prix Heredia,1.0,,,,0.0,Charlélie Couture,0,0
"la nuit où les étoiles ses sont éteintes, tome 1",1.0,1.0,0.0,,,0.0,,,0.0,,,,0.0,"Nine Gorman, Marie Alhinho",0,0
la panthère des neiges,0.0,0.0,0.0,,,0.0,2019.0,Prix Renaudot,1.0,,,,0.0,Sylvain Tesson,0,0
la part du fils,0.0,0.0,0.0,,,0.0,2019.0,Grand prix Jean-Giono,1.0,,,,0.0,Jean-Luc Coatalem,0,0
la patience des traces,0.0,0.0,0.0,,,0.0,2022.0,Prix France Télévisions,1.0,,,,0.0,Jeanne Benameur,0,0
la petite-fille,0.0,0.0,1.0,21.0,,0.0,,,0.0,,,,0.0,Bernhard Schlink,0,0
la plus secrète mémoire des hommes,0.0,0.0,0.0,,,0.0,2021.0,Prix Goncourt,1.0,,,,0.0,Mohamed Mbougar sarr,0,0
la prochaine fois que tu mordras la poussière,1.0,1.0,1.0,20.0,,0.0,,,0.0,,,,0.0,Panayotis Pascot,0,0
la quête onirique de vellitt boe,0.0,0.0,0.0,,,0.0,2019.0,Nicolas Fructus,1.0,,,,0.0,Kij Johnson,0,0
la rafle du vel d’hiv,0.0,0.0,0.0,,,0.0,2022.0,Prix François-Mauriac de la région Aquitaine,1.0,,,,0.0,Laurent Joly,0,0
"la reine sans couronne, tome 1 : princesse déchue",0.0,0.0,0.0,,Romantasy,1.0,,,0.0,,,,0.0,L. C. Blake,0,0
la sage-femme d'auschwitz,0.0,0.0,0.0,,Historique,1.0,,,0.0,,,,0.0,Anna Stuart,0,0
la sentence,0.0,0.0,0.0,,,0.0,2023.0,Prix Femina étranger,1.0,,,,0.0,Louise Erdrich,1,5
la société protectrice des kaijus,0.0,0.0,0.0,,Sf,1.0,,,0.0,,,,0.0,John Scalzi,0,0
la taille des arbres,0.0,0.0,0.0,,,0.0,2022.0,Prix Amerigo-Vespucci,1.0,,,,0.0,Fabien Truong,0,0
la tentation,0.0,0.0,0.0,,,0.0,2019.0,Prix Médicis,1.0,,,,0.0,Luc Lang,1,8
la treizième heure,0.0,0.0,0.0,,,0.0,2022.0,Prix Médicis,1.0,,,,0.0,Emmanuelle Bayamack-Tam,0,0
la vie nouvelle,0.0,0.0,0.0,,,0.0,2023.0,Prix du premier roman,1.0,,,,0.0,Tom Crewe,1,1
la vie secrète des arbres,0.0,0.0,0.0,,Bd,1.0,,,0.0,,,,0.0,"Peter Wohlleben, Fred Bernard et Benjamin Flao",0,0
la vie solide. la charpente comme éthique du faire,0.0,0.0,0.0,,,0.0,2020.0,Prix de l'Académie française Maurice-Genevoix,1.0,,,,0.0,Arthur Lochmann,0,0
la vraie vie,0.0,0.0,0.0,,,0.0,2019.0,Grand prix des lectrices de Elle,1.0,,,,0.0,Adeline Dieudonné,1,10
la vérité sur la lumière,0.0,0.0,0.0,,,0.0,,,0.0,Livre adulte,66.0,72.0,1.0,Auður Ava Ólafsdóttir,0,0
"largo winch, tome 24 : le centile d’or",1.0,0.0,0.0,,,0.0,,,0.0,,,,0.0,"Giacometti, Francq",0,0
le bal des folles,0.0,0.0,0.0,,,0.0,2019.0,Prix Renaudot des lycéens,1.0,,,,0.0,Copi,0,0
le bon sens,0.0,0.0,0.0,,,0.0,2020.0,Prix Alexandre-Vialatte,1.0,,,,0.0,Michel Bernard,1,7
le bureau d'éclaircissement des destins,0.0,0.0,1.0,13.0,,0.0,2023.0,Grand prix RTL-Lire,1.0,,,,0.0,Gaëlle Nohant,0,0
le cercle des impunis,0.0,0.0,0.0,,,0.0,2019.0,Prix du Quai des Orfèvres,1.0,,,,0.0,Paul Merault,0,0
le clan des belen,0.0,0.0,0.0,,Fantastique,1.0,,,0.0,,,,0.0,Julia Castel,0,0
"le club des amateurs de romans policiers, tome 1 : ils étaient sept",0.0,0.0,0.0,,Cosy mystery,1.0,,,0.0,,,,0.0,Christina Larmer,0,0
le consentement,0.0,0.0,0.0,,,0.0,2020.0,Le Consentement,1.0,Livre adulte,62.0,78.0,1.0,Vanessa Springora,1,2
le coût de la vie,0.0,0.0,0.0,,,0.0,2020.0,Prix Femina étranger,1.0,,,,0.0,Deborah Levy,0,0
le culte,1.0,0.0,0.0,,,0.0,,,0.0,,,,0.0,"Camilla Läckberg, Henrik Fexeus",1,2
le cœur ne cède pas,0.0,0.0,0.0,,,0.0,2022.0,Liste Goncourt : le choix polonais,1.0,,,,0.0,Grégoire Bouillier,0,0
le cœur synthétique,0.0,0.0,0.0,,,0.0,2020.0,Prix Médicis,1.0,,,,0.0,Chloé Delaume,0,0
le dernier des siens,0.0,0.0,0.0,,,0.0,2023.0,Prix de l'Académie française Maurice-Genevoix,1.0,,,,0.0,Sibylle Grimbert,0,0
le dernier festin des vaincus,0.0,0.0,0.0,,Policier,1.0,,,0.0,,,,0.0,Estelle Tharreau,0,0
le dernier hiver du cid,0.0,0.0,0.0,,,0.0,2020.0,Prix des Deux Magots,1.0,,,,0.0,Jérôme Garcin,0,0
le droit du sol,0.0,0.0,0.0,,,0.0,2022.0,Prix Amerigo-Vespucci de la BD géographique,1.0,,,,0.0,Étienne Davodeau,1,1
le défi de jérusalem,1.0,0.0,0.0,,,0.0,,,0.0,,,,0.0,Éric-Emmanuel Schmitt,0,0
le fil de nos vies brisées,0.0,0.0,0.0,,,0.0,2019.0,Prix Joseph-Kessel,1.0,,,,0.0,Cécile Hennion,0,0
le fils de l'homme,0.0,0.0,0.0,,,0.0,2021.0,Prix du roman Fnac,1.0,,,,0.0,Jean-Baptiste Del Amo,0,0
le gosse,0.0,0.0,0.0,,,0.0,,,0.0,Livre adulte,225.0,12.0,1.0,"Olmi,  Véronique",1,2
le grand secours,0.0,0.0,0.0,,,0.0,2023.0,Prix Landerneau des lecteurs,1.0,,,,0.0,Thomas B. Reverdy,0,0
le jeu des tricheurs,1.0,0.0,0.0,,Romance,1.0,,,0.0,,,,0.0,Anita Rigins,0,0
le jeune acteur,0.0,0.0,0.0,,,0.0,,,0.0,Bande dessinée adulte,521.0,3.0,1.0,"Sattouf,  Riad",0,0
le journal de betty swan,0.0,0.0,0.0,,,0.0,2022.0,Grand prix Roman de l'été de Femme Actuelle,1.0,,,,0.0,Cindy Valt,0,0
le laboureur et les mangeurs de vent : liberté intérieure et confortable servitude,0.0,0.0,0.0,,,0.0,,,0.0,Livre adulte,91.0,42.0,1.0,"Cyrulnik,  Boris",0,0
le livre des sœurs,0.0,0.0,0.0,,,0.0,2023.0,Prix Jean-Monnet de littérature européenne du département de la Charente,1.0,,,,0.0,Amélie Nothomb,0,0
le livre du large et du long,0.0,0.0,0.0,,,0.0,2023.0,Prix Goncourt de la poésie,1.0,,,,0.0,Laura Vazquez,0,0
le lâche,0.0,0.0,0.0,,,0.0,2022.0,Prix du premier roman,1.0,,,,0.0,Jarred McGinnis,1,7
le mage du kremlin,1.0,1.0,0.0,,,0.0,2022.0,Grand prix du roman de l'Académie française,1.0,,,,0.0,Giuliano Da Empoli,0,0
"le monde sans fin, miracle énergétique et dérive climatique",1.0,1.0,0.0,,,0.0,,,0.0,,,,0.0,"Christophe Blain, Jean-Marc Jancovici",0,0
le musée des contradictions,0.0,0.0,0.0,,,0.0,2022.0,Prix Goncourt de la nouvelle,1.0,,,,0.0,Antoine Wauters,0,0
le métier de mourir,0.0,0.0,0.0,,,0.0,2020.0,Prix Renaudot des lycéens,1.0,,,,0.0,Jean-René Van der Plaetsen,0,0
"le nom de la rose, tome 1",1.0,0.0,0.0,,,0.0,,,0.0,,,,0.0,"Milo Manara, Umberto Eco",0,0
le passeur,0.0,0.0,0.0,,,0.0,2022.0,Prix littéraire ENS Paris-Saclay,1.0,,,,0.0,Lois Lowry,0,0
le pays des autres,0.0,0.0,0.0,,,0.0,,,0.0,Livre adulte,246.0,9.0,1.0,"Slimani,  Leïla",0,0
le poids des héros,0.0,0.0,0.0,,,0.0,,,0.0,Bande dessinée ado,95.0,37.0,1.0,"Sala,  David",0,0
le retournement,0.0,0.0,0.0,,,0.0,2023.0,Prix Renaudot du livre de poche,1.0,,,,0.0,Manuel Carcassonne,1,1
le rire des déesses,0.0,0.0,0.0,,,0.0,2021.0,Prix Femina des lycéens,1.0,,,,0.0,Ananda Devi,0,0
le rocher blanc,0.0,0.0,0.0,,,0.0,,,0.0,Livre adulte,66.0,73.0,1.0,"Hope,  Anna",0,0
le roi maléfique,0.0,0.0,0.0,,,0.0,,,0.0,Livre ado,79.0,50.0,1.0,"Black,  Holly",0,0
le réseau jane,0.0,0.0,0.0,,Contemporain,1.0,,,0.0,,,,0.0,Heather Marshall,0,0
le silence et la colère,1.0,1.0,1.0,4.0,,0.0,,,0.0,,,,0.0,Pierre Lemaitre,0,0
le sirénien,0.0,0.0,0.0,,Young adult,1.0,,,0.0,,,,0.0,Capucine Sergent,0,0
le soldat désaccordé,0.0,0.0,0.0,,,0.0,2023.0,Prix des libraires,1.0,,,,0.0,Gilles Marchand,0,0
le suppléant,1.0,1.0,0.0,,,0.0,,,0.0,,,,0.0,Prince Harry,0,0
le temps de s'en apercevoir,0.0,0.0,0.0,,,0.0,2019.0,Prix des Deux Magots,1.0,,,,0.0,Emmanuel de Waresquiel,0,0
le testament du prophète,0.0,0.0,0.0,,,0.0,2023.0,Prix de la Closerie des Lilas,1.0,,,,0.0,Yasmine Ghata,0,0
le tiers temps,0.0,0.0,0.0,,,0.0,2020.0,Prix Goncourt du premier roman,1.0,,,,0.0,Maylis Besserie,0,0
"le trône des magiciens, tome 1 : le défi de la couronne",0.0,0.0,0.0,,Fantasy,1.0,,,0.0,,,,0.0,Jupiter Phaeton,0,0
le témoin jusqu’au bout,0.0,0.0,0.0,,,0.0,2022.0,Prix Médicis essai,1.0,,,,0.0,Georges Didi-Huberman,0,0
le veilleur du lac,0.0,0.0,0.0,,Policier,1.0,,,0.0,,,,0.0,Nicolas Leclerc,0,0
le vieil incendie,0.0,0.0,0.0,,,0.0,2023.0,Prix Fénéon,1.0,,,,0.0,Elisa Shua Dusapin,0,0
le voyage dans l'est,0.0,0.0,0.0,,,0.0,2021.0,Prix Médicis,1.0,,,,0.0,Christine Angot,0,0
le voyage de shuna,1.0,1.0,0.0,,,0.0,,,0.0,,,,0.0,Hayao Miyazaki,0,0
le voyage du canapé-lit,0.0,0.0,0.0,,,0.0,2019.0,Prix Alexandre-Vialatte,1.0,,,,0.0,Pierre Jourde,0,0
le voyant d'étampes,0.0,0.0,0.0,,,0.0,2021.0,Prix de Flore,1.0,,,,0.0,Abel Quentin,0,0
les abeilles grises,0.0,0.0,0.0,,,0.0,2022.0,Prix Médicis étranger,1.0,,,,0.0,Andreï Kourkov,0,0
les aiguilles dor,0.0,0.0,1.0,23.0,,0.0,,,0.0,,,,0.0,Michael McDowell,0,0
les armoires vides,0.0,0.0,0.0,,,0.0,,,0.0,Livre adulte,144.0,20.0,1.0,"Ernaux,  Annie",0,0
"les cahiers d’esther, tome 8 : histoires de mes 17 ans",1.0,0.0,0.0,,,0.0,,,0.0,,,,0.0,Riad Sattouf,0,0
les choses humaines,0.0,0.0,0.0,,,0.0,2019.0,Prix Goncourt des lycéens,1.0,,,,0.0,Karine Tuil,0,0
les cicatrices de la nuit,0.0,0.0,0.0,,,0.0,2020.0,Prix du Quai des Orfèvres,1.0,,,,0.0,Alexandre Galien,0,0
les cinq,0.0,0.0,0.0,,Fantasy,1.0,,,0.0,,,,0.0,Mathieu Rochelle,1,16
"les clans du ciel, tome 1 : la quête d'ellie",0.0,0.0,0.0,,Jeunesse,1.0,,,0.0,,,,0.0,Jessica Khoury,0,0
les conditions idéales,0.0,0.0,0.0,,,0.0,2023.0,Prix Goncourt des détenus,1.0,,,,0.0,Mokhtar Amoudi,1,2
"les couronnes de nyaxia, tome 1 : le serpent et le descendant de la nuit",0.0,0.0,0.0,,Romantasy,1.0,,,0.0,,,,0.0,Carissa Broadbent,0,0
les dieux sont amour,0.0,0.0,0.0,,,0.0,,,0.0,Bande dessinée jeunesse,74.0,53.0,1.0,"Sobral,  Patrick",0,0
les dragons,0.0,0.0,0.0,,Contemporain,1.0,,,0.0,,,,0.0,Jérôme Colin,1,3
les dévastés,0.0,0.0,0.0,,,0.0,2022.0,Prix Fragonard de littérature étrangère,1.0,,,,0.0,Théodora Dimova,0,0
les enfants endormis,0.0,0.0,0.0,,,0.0,2022.0,Prix Première Plume,1.0,,,,0.0,Anthony Passeron,0,0
"les enquêtes de milady, tome 1 : le baiser de la tulipe noire",0.0,0.0,0.0,,Cosy mystery,1.0,,,0.0,,,,0.0,Maxime Fontaine et Bertrand Puard,0,0
les enquêtes d’adamsberg : sur la dalle,1.0,1.0,0.0,,,0.0,,,0.0,,,,0.0,Fred Vargas,0,0
les envolés,0.0,0.0,0.0,,,0.0,2022.0,Prix Goncourt du premier roman,1.0,,,,0.0,Étienne Kern,0,0
les extraordinaires,0.0,0.0,0.0,,Contemporain,1.0,,,0.0,,,,0.0,Julien Sandrel,0,0
les femmes du bout du monde,1.0,0.0,1.0,1.0,,0.0,,,0.0,,,,0.0,Mélissa Da Costa,0,0
les flibustiers de la mer chimique,0.0,0.0,0.0,,,0.0,2023.0,Grand prix de l'Imaginaire,1.0,,,,0.0,Marguerite Imbert,0,0
les furtifs,0.0,0.0,0.0,,,0.0,2020.0,Grand prix de l'Imaginaire,1.0,,,,0.0,Alain Damasio,0,0
les garçons de la cité-jardin,0.0,0.0,0.0,,,0.0,2022.0,Prix Eugène-Dabit du roman populiste,1.0,,,,0.0,Dan Nisand,0,0
les gens de bilbao naissent où ils veulent,0.0,0.0,0.0,,,0.0,2022.0,Prix du premier roman,1.0,,,,0.0,Maria Larrea,0,0
les grandes oubliées : pourquoi l'histoire a effacé les femmes,0.0,0.0,0.0,,,0.0,,,0.0,Livre adulte,200.0,13.0,1.0,"Lecoq,  Titiou",0,0
les grands cerfs,0.0,0.0,0.0,,,0.0,2019.0,Prix Décembre,1.0,,,,0.0,Claudie Hunzinger,0,0
les guerres de lucas,0.0,0.0,0.0,,Bd,1.0,,,0.0,,,,0.0,Renaud Roche et Laurent Hopman,0,0
les impatientes,0.0,0.0,0.0,,,0.0,2020.0,Prix Goncourt des lycéens,1.0,,,,0.0,Djaïli Amadou Amal,1,1
les insolents,0.0,0.0,0.0,,,0.0,2023.0,Prix Renaudot,1.0,,,,0.0,Ann Scott,0,0
les masques éphémères,0.0,0.0,0.0,,,0.0,,,0.0,Livre adulte,132.0,22.0,1.0,"Leon,  Donna",0,0
les meurtres de molly southbourne,0.0,0.0,0.0,,,0.0,2020.0,Les Meurtres de Molly Southbourne,1.0,,,,0.0,Tade Thompson,0,0
les méduses n'ont pas d'oreilles,0.0,0.0,0.0,,,0.0,,,0.0,Livre adulte,103.0,30.0,1.0,"Rosenfeld,  Adèle",0,0
les nuages de magellan,0.0,0.0,0.0,,,0.0,2019.0,Prix Rosny aîné « Roman »,1.0,,,,0.0,Estelle Faye,0,0
les passagers,0.0,0.0,0.0,,,0.0,2023.0,Prix Boccace,1.0,,,,0.0,Gilles Verdet,1,1
les patriotes,0.0,0.0,0.0,,,0.0,2019.0,Prix du premier roman,1.0,,,,0.0,Sana Krasikov,0,0
les paupières des poissons,0.0,0.0,0.0,,,0.0,2019.0,Prix Maya,1.0,,,,0.0,"Fanny Vaucher, Sébastien Moro",0,0
"les pierres du cauchemar, tome 2",1.0,0.0,0.0,,,0.0,,,0.0,,,,0.0,"Dooms, Sora, Dreamy",0,0
les piliers de la civilisation,0.0,0.0,0.0,,,0.0,,,0.0,Bande dessinée adulte,164.0,17.0,1.0,"Harari,  Yuval Noah",0,0
les possibles,0.0,0.0,0.0,,,0.0,,,0.0,Livre adulte,72.0,56.0,1.0,"Grimaldi,  Virginie",1,2
les quatre accords toltèques : la voie de la liberté personnelle,0.0,0.0,0.0,,,0.0,,,0.0,Livre adulte,67.0,68.0,1.0,"Ruiz,  Miguel",0,0
"les reines maudites, tome 1 : catherine d'aragon",0.0,0.0,0.0,,Historique,1.0,,,0.0,,,,0.0,Alison Weir,0,0
"les sept seurs, tome 8 : atlas, l'histoire de pa salt",1.0,0.0,0.0,,,0.0,,,0.0,,,,0.0,Lucinda Riley,0,0
"les sept soeurs, tome 8 : atlas, l'histoire de pa salt",0.0,0.0,1.0,12.0,,0.0,,,0.0,,,,0.0,Lucinda Riley,0,0
les silences d’ogliano,0.0,0.0,0.0,,,0.0,2022.0,Prix de la Closerie des Lilas,1.0,,,,0.0,Elena Piacentini,0,0
les temps ultramodernes,0.0,0.0,0.0,,,0.0,2023.0,Prix Rosny aîné,1.0,,,,0.0,Laurent Genefort,0,0
les têtes baissées,0.0,0.0,0.0,,,0.0,2023.0,Prix littéraire ENS Paris-Saclay,1.0,,,,0.0,François-Xavier Ménage,0,0
les villes de papier,0.0,0.0,0.0,,,0.0,2020.0,Prix Renaudot essai,1.0,,,,0.0,Dominique Fortier,0,0
les échappées,0.0,0.0,0.0,,,0.0,2019.0,Prix Wepler,1.0,,,,0.0,Lucie Taïeb,0,0
les éclats,1.0,0.0,0.0,,,0.0,,,0.0,,,,0.0,Bret Easton Ellis,1,2
"lies, tome 1 : only lies",0.0,0.0,0.0,,Romance,1.0,,,0.0,,,,0.0,Jeanne Pears,0,0
"lou ! sonata, tome 2",1.0,1.0,0.0,,,0.0,,,0.0,,,,0.0,"Julien Neel, Carole Neel",0,0
"lullaby of the dawn, tome 1",0.0,0.0,0.0,,Manga,1.0,,,0.0,,,,0.0,Ichika Yuno,0,0
là où sont tes racines,0.0,0.0,0.0,,Historique,1.0,,,0.0,,,,0.0,Ellen Marie Wiseman,0,0
"là-bas, août est un mois d'automne",0.0,0.0,0.0,,,0.0,2019.0,Prix François-Mauriac,1.0,,,,0.0,Bruno Pellegrino,0,0
léopold sédar senghor,0.0,0.0,0.0,,,0.0,2022.0,Prix Goncourt de la biographie,1.0,,,,0.0, Jean-Pierre Langellier,0,0
l’envol,1.0,0.0,0.0,,,0.0,,,0.0,,,,0.0,Aurélie Valognes,0,0
l’heure des oiseaux,0.0,0.0,0.0,,,0.0,2023.0,Prix Jean-Freustié,1.0,,,,0.0,Maud Simonnot,0,0
l’homme des mille détours,1.0,0.0,0.0,,,0.0,,,0.0,,,,0.0,Agnès Martin-Lugand,0,0
l’imparfait du temps passé,0.0,0.0,0.0,,,0.0,2019.0,Prix Russophonie,1.0,,,,0.0,Grisha Bruskine,0,0
l’oubli est une tache dans le ciel,0.0,0.0,0.0,,,0.0,2021.0,Prix Heredia,1.0,,,,0.0,Joël Vernet,0,0
ma vie sans gravité,1.0,0.0,0.0,,Histoire vraie,1.0,,,0.0,,,,0.0,Thomas Pesquet,0,0
madame hayat,0.0,0.0,0.0,,,0.0,2021.0,Prix Femina étranger,1.0,Livre adulte,114.0,27.0,1.0,Ahmet Altan,0,0
magma tunis,0.0,0.0,0.0,,,0.0,2019.0,Prix littéraire des Grandes Écoles,1.0,,,,0.0,Aymen Gharbi,0,0
mahmoud ou la montée des eaux,0.0,0.0,0.0,,,0.0,2022.0,Prix du Livre Inter,1.0,,,,0.0,Antoine Wauters,0,0
malgré toute ma rage,0.0,0.0,0.0,,Thriller,1.0,,,0.0,,,,0.0,Jérémy Fel,0,0
manaraga,0.0,0.0,0.0,,,0.0,2020.0,Prix Russophonie,1.0,,,,0.0,Vladimir Sorokine,0,0
"manifeste incertain, volume 7 : emily dickinson, marina tsvetaieva, l'immense poésie",0.0,0.0,0.0,,,0.0,2019.0,Prix Goncourt de la biographie,1.0,,,,0.0,Emily Dickinson,0,0
matador yankee,0.0,0.0,0.0,,,0.0,2019.0,Prix Orange du Livre,1.0,,,,0.0,Jean-Baptiste Maudet,0,0
mediator : un crime chimiquement pur,0.0,0.0,0.0,,Bd,1.0,,,0.0,,,,0.0,"Éric Giacometti, Irène Frachon et François Duprat",0,0
misericórdia,0.0,0.0,0.0,,,0.0,2023.0,Prix Médicis étranger,1.0,,,,0.0,Lidia Jorge,0,0
miss islande,0.0,0.0,0.0,,,0.0,2019.0,Prix Médicis étranger,1.0,,,,0.0,Audur Ava Olafsdóttir,0,0
mohican,0.0,0.0,0.0,,,0.0,2021.0,Prix Terre de France,1.0,,,,0.0,Éric Fottorino,0,0
"moi, ce que j'aime, c'est les monstres",0.0,0.0,0.0,,,0.0,2019.0,Fauve d'or : prix du meilleur album,1.0,Bande dessinée adulte,92.0,39.0,1.0,Emil Ferris,0,0
"mon budget sur pilote automatique, le carnet",1.0,0.0,0.0,,,0.0,,,0.0,,,,0.0,Maeva Derby,0,0
mon maître et mon vainqueur,0.0,0.0,0.0,,,0.0,2021.0,Grand prix du roman de l'Académie française,1.0,,,,0.0,François-Henri Désérable,0,0
mon territoire,0.0,0.0,0.0,,,0.0,2020.0,Grand prix des lectrices (Elle),1.0,,,,0.0,Tess Sharpe,1,4
monument national,0.0,0.0,0.0,,,0.0,2022.0,Prix Jean-Freustié,1.0,,,,0.0,Julia Deck,0,0
"mortelle adèle et les reliques du chat lune, tome 4",1.0,0.0,0.0,,,0.0,,,0.0,,,,0.0,"Mr Tan, Olivier Bonnassies",0,0
"mortelle adèle, tome 20 : j’apocalypse grave !",1.0,0.0,0.0,,,0.0,,,0.0,,,,0.0,"Mr Tan, Diane Le Feyer",0,0
"mortelle adèle, tome 4 : v.i.b",1.0,0.0,0.0,,,0.0,,,0.0,,,,0.0,"Mr Tan, Diane Le Feyer",0,0
mortelle adèle : le journal des bizarres,1.0,0.0,0.0,,,0.0,,,0.0,,,,0.0,"Mr Tan, Diane Le Feyer",0,0
mourir avant que d'apparaître,0.0,0.0,0.0,,,0.0,2023.0,Prix littéraire de la Ville de Caen,1.0,,,,0.0,Rémi David,0,0
mur méditerranée,0.0,0.0,0.0,,,0.0,2019.0,Choix Goncourt de la Pologne,1.0,,,,0.0,Louis-philippe Dalembert,0,0
"my hero academia, tome 15 : lutte contre le destin",0.0,0.0,0.0,,,0.0,,,0.0,Bande dessinée ado,68.0,65.0,1.0,"Horikoshi,  K?hei",0,0
"my hero academia, tome 4 : celui qui avait tout",0.0,0.0,0.0,,,0.0,,,0.0,Bande dessinée jeunesse,118.0,25.0,1.0,"Horikoshi,  Kohei",0,0
"my hero academia, tome 5 : shoto todoroki : les origines",0.0,0.0,0.0,,,0.0,,,0.0,Bande dessinée ado,91.0,41.0,1.0,"Horikoshi,  Kohei",0,0
"my hero academia, tome 8 : momo yaoyorozu : l'envol",0.0,0.0,0.0,,,0.0,,,0.0,Bande dessinée ado,95.0,36.0,1.0,"Horikoshi,  Kohei",0,0
my world is yours,0.0,0.0,0.0,,Romance,1.0,,,0.0,,,,0.0,Élodie François,0,0
"naruto, tome 1",0.0,0.0,0.0,,,0.0,,,0.0,Bande dessinée ado,156.0,19.0,1.0,"Kishimoto,  Masashi",0,0
"naruto, tome 12",0.0,0.0,0.0,,,0.0,,,0.0,Bande dessinée ado,101.0,31.0,1.0,"Kishimoto,  Masashi",0,0
"naruto, tome 13",0.0,0.0,0.0,,,0.0,,,0.0,Bande dessinée ado,109.0,28.0,1.0,"Kishimoto,  Masashi",0,0
"naruto, tome 21",0.0,0.0,0.0,,,0.0,,,0.0,Bande dessinée ado,66.0,74.0,1.0,"Kishimoto,  Masashi",0,0
"naruto, tome 30",0.0,0.0,0.0,,,0.0,,,0.0,Bande dessinée ado,68.0,67.0,1.0,"Kishimoto,  Masashi",0,0
nature humaine,0.0,0.0,0.0,,,0.0,2020.0,Prix Terre de France - Ouest-France,1.0,,,,0.0,Serge Joncour,1,4
"ne signe pas ça, chloé !",0.0,0.0,0.0,,,0.0,2019.0,Prix Rosny aîné « Nouvelle »,1.0,,,,0.0,Stéphane Croenne,0,0
ne t'arrête pas de courir,0.0,0.0,0.0,,,0.0,2021.0,Prix France Culture-Télérama,1.0,,,,0.0,Mathieu Palain,0,0
noa,0.0,0.0,0.0,,,0.0,,,0.0,Livre adulte,158.0,18.0,1.0,"Lévy,  Marc",1,4
nos coeurs disparus,0.0,0.0,0.0,,Sf,1.0,,,0.0,,,,0.0,Celeste Ng,0,0
nous sommes à la lisière,0.0,0.0,0.0,,,0.0,2019.0,Prix Goncourt de la nouvelle,1.0,,,,0.0,Caroline Lamarche,0,0
né d'aucune femme,0.0,0.0,0.0,,,0.0,2019.0,Prix des libraires,1.0,,,,0.0,Franck Bouysse,0,0
okavango,0.0,0.0,0.0,,Policier,1.0,,,0.0,,,,0.0,Caryl Férey,0,0
on a deux yeux pour voir,0.0,0.0,0.0,,Albums,1.0,,,0.0,,,,0.0,Baptiste Beaulieu et Qin Leng,0,0
on ne meurt pas d'amour,0.0,0.0,0.0,,,0.0,2019.0,Prix du premier roman,1.0,,,,0.0,Géraldine Dalban-Moreynas,0,0
on ne touche pas,0.0,0.0,0.0,,,0.0,2020.0,Prix du premier roman,1.0,,,,0.0,Ketty Rouf,0,0
on était des loups,0.0,0.0,0.0,,,0.0,2022.0,Prix Renaudot des lycéens,1.0,,,,0.0,Sandrine Collette,0,0
"one piece, tome 55 : des travs en enfer",0.0,0.0,0.0,,,0.0,,,0.0,Bande dessinée jeunesse,71.0,58.0,1.0,"Oda,  Eiichiro",0,0
"one piece, tome 64",0.0,0.0,0.0,,,0.0,,,0.0,Bande dessinée ado,67.0,69.0,1.0,"Oda,  Eiichiro",0,0
"one piece, tome 67 : cool fight",0.0,0.0,0.0,,,0.0,,,0.0,Bande dessinée jeunesse,69.0,62.0,1.0,"Oda,  Eiichiro",0,0
"one piece, tome 68 : alliance entre pirates",0.0,0.0,0.0,,,0.0,,,0.0,Bande dessinée jeunesse,65.0,75.0,1.0,"Oda,  Eiichiro",0,0
oohiohioo !,0.0,0.0,0.0,,,0.0,,,0.0,Bande dessinée jeunesse,80.0,49.0,1.0,"Didier,  Anne",0,0
ordesa,0.0,0.0,0.0,,,0.0,2019.0,Prix Femina étranger,1.0,,,,0.0,Manuel Vilas,0,0
otages,0.0,0.0,0.0,,,0.0,2020.0,Prix Anaïs-Nin,1.0,,,,0.0,Nina Bouraoui,1,4
over the rainbow,0.0,0.0,0.0,,,0.0,2021.0,Prix Orange du Livre,1.0,,,,0.0,Constance Joly,0,0
où donc est le bonheur,0.0,0.0,0.0,,,0.0,2022.0,Prix France Télévisions,1.0,,,,0.0,Marianne Chaillan,0,0
pagny par florent,1.0,1.0,0.0,,Histoire vraie,1.0,,,0.0,,,,0.0,Florent Pagny,0,0
panorama,0.0,0.0,0.0,,,0.0,2023.0,Prix Renaudot des lycéens,1.0,,,,0.0,Lilia Hassaine,1,2
papa,0.0,0.0,0.0,,Albums,1.0,,,0.0,,,,0.0,Hélène Delforge et Quentin Gréban,1,61
par les routes,0.0,0.0,0.0,,,0.0,2019.0,Prix Femina,1.0,,,,0.0,Sylvain Prudhomme,1,1
par-delà la magie : confessions d'un sorcier,0.0,0.0,0.0,,Histoire vraie,1.0,,,0.0,,,,0.0,Tom Felton,0,0
partout les autres,0.0,0.0,0.0,,,0.0,2023.0,Prix Goncourt de la nouvelle,1.0,,,,0.0,David Thomas,0,0
patte blanche,0.0,0.0,0.0,,,0.0,2023.0,Prix Françoise-Sagan,1.0,,,,0.0,Kinga Wyrzykowska,0,0
paul morand,0.0,0.0,0.0,,,0.0,2021.0,Prix Goncourt de la biographie,1.0,,,,0.0,Pauline Dreyfus,0,0
performance,0.0,0.0,0.0,,,0.0,2022.0,Prix Renaudot,1.0,,,,0.0,Simon Liberati,1,18
plus jamais sans moi,1.0,1.0,0.0,,,0.0,,,0.0,,,,0.0,Maud Ankaoua,0,0
pouilles,0.0,0.0,0.0,,,0.0,,,0.0,Livre adulte,64.0,76.0,1.0,,0,0
pour exister encore,0.0,0.0,0.0,,,0.0,2021.0,Grand prix Roman de l'été de Femme Actuelle,1.0,,,,0.0,Martine Duchesne,0,0
premier sang,0.0,0.0,0.0,,,0.0,2021.0,Prix Renaudot,1.0,,,,0.0,Amélie Nothomb,0,0
"proust, roman familial",0.0,0.0,0.0,,,0.0,2023.0,Prix Médicis essai,1.0,,,,0.0,Laure Murat,0,0
psychopompe,1.0,1.0,0.0,,,0.0,,,0.0,,,,0.0,Amélie Nothomb,0,0
quand l'arbre tombe,0.0,0.0,0.0,,,0.0,2022.0,Prix Terre de France,1.0,,,,0.0,Oriane Jeancourt Galignani,0,0
quand la nuit tombe,0.0,0.0,0.0,,Manga,1.0,,,0.0,,,,0.0,Rie Aruga,0,0
quand tu écouteras cette chanson,0.0,0.0,0.0,,,0.0,2022.0,Prix Décembre,1.0,,,,0.0,Lola Lafon,0,0
que notre joie demeure,0.0,0.0,0.0,,,0.0,2023.0,Prix Médicis,1.0,,,,0.0,Kevin Lambert,0,0
que sur toi se lamente le tigre,0.0,0.0,0.0,,,0.0,2021.0,Prix Goncourt du premier roman,1.0,,,,0.0,Emilienne Malfatto,0,0
quelques gouttes de thé,0.0,0.0,0.0,,,0.0,2020.0,Prix Rosny aîné « Nouvelle »,1.0,,,,0.0,Audrey Pleynet,0,0
rhapsodie des oubliés,0.0,0.0,0.0,,,0.0,2019.0,Prix de Flore,1.0,,,,0.0,Sofia Aouine,0,0
rhapsodie rouge,0.0,0.0,0.0,,,0.0,2022.0,Prix Heredia,1.0,,,,0.0,Jean D'Amérique,0,0
rien n'est noir,0.0,0.0,0.0,,,0.0,2020.0,Grand prix des lectrices de Elle,1.0,,,,0.0,Claire Berest,0,0
roches de sang,0.0,0.0,0.0,,Policier,1.0,,,0.0,,,,0.0,Olivier Bal,0,0
roman fleuve,0.0,0.0,0.0,,,0.0,2022.0,Prix Interallié,1.0,,,,0.0,Philibert Humm,0,0
rouge karma,1.0,0.0,0.0,,,0.0,,,0.0,,,,0.0,Jean-Christophe Grangé,0,0
"russian mafia, tome 1",0.0,0.0,0.0,,Romance,1.0,,,0.0,,,,0.0,Emma Bardiau,0,0
réacteur 3,0.0,0.0,0.0,,,0.0,2022.0,Grand Prix de Poésie de la SGDL,1.0,,,,0.0,Ludovic Bernhardt,0,0
réinventer l'amour : comment le patriarcat sabote les relations hétérosexuelles,0.0,0.0,0.0,,,0.0,,,0.0,Livre adulte,522.0,2.0,1.0,"Chollet,  Mona",0,0
révolution,0.0,0.0,0.0,,,0.0,2020.0,Fauve d'or : prix du meilleur album,1.0,,,,0.0,Florent Grouazel,1,30
s'adapter,0.0,0.0,0.0,,,0.0,2021.0,Prix Femina,1.0,,,,0.0,Clara Dupont-Monod,1,9
sa préférée,0.0,0.0,0.0,,,0.0,2022.0,Prix du roman Fnac,1.0,,,,0.0,Sarah Jollien-Fardel,1,1
sabre,0.0,0.0,0.0,,,0.0,2021.0,Prix des Deux Magots,1.0,,,,0.0,Emmanuel Ruben,1,7
sang d'écume,0.0,0.0,0.0,,Fantastique,1.0,,,0.0,,,,0.0,Magali Lefebvre,0,0
sapiens : une brève histoire de l'humanité,0.0,0.0,0.0,,,0.0,,,0.0,Livre adulte,115.0,26.0,1.0,"Harari,  Yuval Noah",0,0
"seasons, tome 1 : un automne pour te pardonner",1.0,1.0,1.0,11.0,,0.0,,,0.0,,,,0.0,Morgane Moncomble,0,0
"sentinelles du royaume sauvage, tome 1",0.0,0.0,0.0,,Jeunesse,1.0,,,0.0,,,,0.0,Alexandra Ott,0,0
"seule la mort attend la vilaine, tome 1",0.0,0.0,0.0,,Manga,1.0,,,0.0,,,,0.0,Suol et  Gwon Gyeoeul,0,0
si seulement...,0.0,0.0,0.0,,,0.0,,,0.0,Livre adulte,69.0,63.0,1.0,"Dequier,  Bruno",0,0
soleil amer,0.0,0.0,0.0,,,0.0,2022.0,Prix littéraire de la Ville de Caen,1.0,,,,0.0,Lilia Hassaine,0,0
"solo leveling, tome 11",1.0,0.0,0.0,,,0.0,,,0.0,,,,0.0,"Chugong, Dubu",0,0
"solo leveling, tome 3",0.0,0.0,0.0,,,0.0,,,0.0,Bande dessinée ado,58.0,84.0,1.0,Chugong,0,0
"solo leveling, tome 5",0.0,0.0,0.0,,,0.0,,,0.0,Bande dessinée ado,68.0,66.0,1.0,Chugong,0,0
sommeil de l’ange,0.0,0.0,0.0,,,0.0,2023.0,Prix Heredia,1.0,,,,0.0,Marie Étienne,0,0
son odeur après la pluie,1.0,1.0,0.0,,,0.0,,,0.0,,,,0.0,Cédric Sapin-Dufour,0,0
sous un ciel d'azur,0.0,0.0,0.0,,,0.0,,,0.0,Bande dessinée jeunesse,69.0,61.0,1.0,"Horikoshi,  K?hei",0,0
stray dogs,0.0,0.0,0.0,,Comics,1.0,,,0.0,,,,0.0,Tony Fleecs et Trish Forstner,0,0
sur l'épaule des géants,0.0,0.0,0.0,,,0.0,2023.0,Prix Alexandre-Vialatte,1.0,,,,0.0,Laurine Roux,0,0
sur la dalle,0.0,0.0,1.0,14.0,,0.0,,,0.0,,,,0.0,Fred Vargas,0,0
sur tes traces,0.0,0.0,0.0,,Policier,1.0,,,0.0,,,,0.0,Harlan Coben,0,0
"swan song, tome 1 : le feu et la glace",0.0,0.0,0.0,,Fantastique,1.0,,,0.0,,,,0.0,Robert McCammon,0,0
tant que fleuriront les citronniers,0.0,0.0,0.0,,Young adult,1.0,,,0.0,,,,0.0,Zoulfa Katouh,0,0
tant que le café est encore chaud,0.0,0.0,0.0,,,0.0,,,0.0,Livre adulte,130.0,23.0,1.0,"Kawaguchi,  Toshikazu",0,0
tenir sa langue,0.0,0.0,0.0,,,0.0,2022.0,Prix Femina des lycéens,1.0,,,,0.0,Polina Panassenko,1,1
terra ignota,0.0,0.0,0.0,,,0.0,2023.0,Ada Palmer,1.0,,,,0.0,Ada Palmer,0,0
"the devil’s sons, tome 2",1.0,0.0,0.0,,,0.0,,,0.0,,,,0.0,Chloé Wallerand,0,0
"the nice house on the lake, tome 1",0.0,0.0,0.0,,Comics,1.0,,,0.0,,,,0.0,"James Tynion IV, Alvaro Martinez Bueno et Jordie Bellaire",0,0
"the promised neverland, tome 1",0.0,0.0,0.0,,,0.0,,,0.0,Bande dessinée adulte,66.0,71.0,1.0,"Shirai,  Kaiu",0,0
"the promised neverland, tome 13",0.0,0.0,0.0,,,0.0,,,0.0,Bande dessinée ado,73.0,54.0,1.0,"Shirai,  Kaiu",0,0
"the promised neverland, tome 14",0.0,0.0,0.0,,,0.0,,,0.0,Bande dessinée adulte,84.0,46.0,1.0,"Shirai,  Kaiu",0,0
"the promised neverland, tome 8",0.0,0.0,0.0,,,0.0,,,0.0,Bande dessinée ado,84.0,45.0,1.0,"Shirai,  Kaiu",0,0
tiens bon !!,0.0,0.0,0.0,,,0.0,,,0.0,Bande dessinée jeunesse,104.0,29.0,1.0,"Oda,  Eiichiro",0,0
tombeaux,0.0,0.0,0.0,,,0.0,2022.0,Prix Femina essai,1.0,,,,0.0,Annette Wieviorka,1,2
ton absence n'est que ténèbres,0.0,0.0,0.0,,,0.0,,,1.0,Livre adulte,367.0,6.0,1.0,Jón Kalman Stefánsson,0,0
tous les hommes n'habitent pas le monde de la même façon,0.0,0.0,0.0,,,0.0,2019.0,Prix Goncourt,1.0,,,,0.0,Jean-Paul Dubois,0,0
tous nos battements de coeur,0.0,0.0,0.0,,Romance,1.0,,,0.0,,,,0.0,Erika Boyer,0,0
tout comprendre (ou presque) sur le climat,0.0,0.0,0.0,,,0.0,,,0.0,Livre adulte,56.0,86.0,1.0,BonPote,0,0
"traverser l’invisible, énigmes figuratives de francesca woodman et vivian maier",0.0,0.0,0.0,,,0.0,2022.0,"Prix André-Malraux, catégorie essai sur l'art",1.0,,,,0.0,Francesca Woodman,0,0
triste tigre,1.0,1.0,1.0,22.0,,0.0,2023.0,Prix Femina,1.0,,,,0.0,Neige Sinno,0,0
triste tigre,1.0,1.0,1.0,22.0,,0.0,2023.0,Prix littéraire du Monde,1.0,,,,0.0,Neige Sinno,0,0
"trois battements, un silence",0.0,0.0,0.0,,Fantastique,1.0,,,0.0,,,,0.0,Anne Fakhouri,0,0
trois vies par semaine,1.0,0.0,1.0,16.0,,0.0,,,0.0,,,,0.0,Michel Bussi,0,0
trop la classe !,0.0,0.0,0.0,,,0.0,,,0.0,Bande dessinée jeunesse,60.0,80.0,1.0,"Didier,  Anne",0,0
tueurs,0.0,0.0,0.0,,,0.0,2023.0,Grand Prix de Poésie de la SGDL,1.0,,,,0.0,Jean-Michel Espitallier,1,1
"twisted, tome 1 : twisted love",1.0,1.0,0.0,,,0.0,,,0.0,,,,0.0,Ana Huang,0,0
un abri de fortune,0.0,0.0,1.0,17.0,,0.0,,,0.0,,,,0.0,Agnès Ledig,0,0
un automne de flaubert,0.0,0.0,0.0,,,0.0,2020.0,Prix François-Mauriac,1.0,,,,0.0,Alexandre Postel,0,0
un chien à ma table,0.0,0.0,0.0,,,0.0,2022.0,Prix Femina,1.0,,,,0.0,Claudie Hunzinger,0,0
un crime sans importance,0.0,0.0,0.0,,,0.0,2020.0,Prix Interallié,1.0,,,,0.0,Irène Frain,0,0
un hiver chez bleuet,0.0,0.0,0.0,,Albums,1.0,,,0.0,,,,0.0,Heegyum Kim,0,0
un jour ce sera vide,0.0,0.0,0.0,,,0.0,2021.0,Prix du Livre Inter,1.0,,,,0.0,Hugo Lindenberg,0,0
un jour de nuit tombée,0.0,0.0,0.0,,Fantasy,1.0,,,0.0,,,,0.0,Samantha Shannon,0,0
un miracle,0.0,0.0,0.0,,,0.0,,,0.0,Livre adulte,70.0,60.0,1.0,"Mas,  Victoria",1,5
"un monstre est là, derrière la porte",0.0,0.0,0.0,,,0.0,2020.0,Grand prix du roman métis,1.0,,,,0.0,Gaëlle Bélem,0,0
un oeil dans la nuit,1.0,0.0,1.0,18.0,,0.0,,,0.0,,,,0.0,Bernard Minier,0,0
un promeneur solitaire dans la foule,0.0,0.0,0.0,,,0.0,2020.0,Prix Médicis étranger,1.0,,,,0.0,Antonio Munoz Molina,0,0
un étranger nommé picasso,0.0,0.0,0.0,,,0.0,2021.0,Prix Femina essai,1.0,,,,0.0,Annie Cohen-Solal,0,0
underground airlines,0.0,0.0,0.0,,,0.0,2019.0,Grand prix de l'Imaginaire,1.0,,,,0.0,Patrick K. Dewdney,0,0
une belle vie,1.0,1.0,1.0,5.0,Contemporain,1.0,,,0.0,,,,0.0,Virginie Grimaldi,1,2
une bête au paradis,0.0,0.0,0.0,,,0.0,2019.0,Prix littéraire du Monde,1.0,,,,0.0,Cécile Coulon,0,0
une façon d'aimer,0.0,0.0,0.0,,,0.0,2023.0,Grand prix du roman de l'Académie française,1.0,,,,0.0,Dominique Barbéris,0,0
"une jeunesse au moyen-orient, 1992-1994",0.0,0.0,0.0,,,0.0,,,0.0,Bande dessinée adulte,510.0,4.0,1.0,"Sattouf,  Riad",0,0
une longue nuit mexicaine,0.0,0.0,0.0,,,0.0,2019.0,Prix Fénéon,1.0,,,,0.0,Isabelle Mayault,0,0
une saison pour les ombres,0.0,0.0,0.0,,Thriller,1.0,,,0.0,,,,0.0,R. J. Ellory,0,0
une vie de soleil,0.0,0.0,0.0,,,0.0,2019.0,Prix de l'Académie française Maurice-Genevoix,1.0,,,,0.0,Jean-Marie Planes,0,0
une vieille histoire. nouvelle version,0.0,0.0,0.0,,,0.0,2019.0,Prix Renaudot du livre de poche,1.0,,,,0.0,Jonathan Littell,0,0
veiller sur elle,1.0,1.0,1.0,2.0,,0.0,2023.0,Prix Goncourt,1.0,,,,0.0,Jean-Baptiste Andrea,0,0
"vernon subutex, tome 1",0.0,0.0,0.0,,,0.0,,,0.0,Livre adulte,73.0,55.0,1.0,"Despentes,  Virginie",0,0
vers la violence,0.0,0.0,0.0,,,0.0,2023.0,Grand prix des lectrices de Elle,1.0,,,,0.0,Blandine Rinkel,0,0
visa transit,0.0,0.0,0.0,,,0.0,2020.0,Prix Amerigo-Vespucci de la BD géographique,1.0,,,,0.0,Nicolas de Crécy,0,0
"visions de goya, l’éclat dans le désastre",0.0,0.0,0.0,,,0.0,2019.0,"Prix André-Malraux, catégorie essai sur l'art",1.0,,,,0.0,Stéphane Lambert,0,0
vita nostra,0.0,0.0,0.0,,,0.0,2020.0,Marina Diatchenko,1.0,,,,0.0,Sergueï Diatchenko,0,0
vivonne,0.0,0.0,0.0,,,0.0,2022.0,Grand prix de l'Imaginaire,1.0,,,,0.0,Jérôme Leroy,1,1
vivre avec nos morts,0.0,0.0,0.0,,,0.0,2022.0,Prix Renaudot du livre de poche,1.0,,,,0.0,Delphine Horvilleur,0,0
vivre avec nos morts : petit traité de consolation,0.0,0.0,0.0,,,0.0,,,0.0,Livre adulte,345.0,7.0,1.0,"Horvilleur,  Delphine",0,0
vivre vite,0.0,0.0,0.0,,,0.0,2022.0,Prix Goncourt,1.0,,,,0.0,Philippe Besson,0,0
western,0.0,0.0,0.0,,,0.0,2023.0,Prix de Flore,1.0,,,,0.0,Maria Pourchet,1,3
wonder woman historia : the amazons,0.0,0.0,0.0,,Comics,1.0,,,0.0,,,,0.0,"Kelly Sue Deconnick, Phil Jimenez, Gene Ha et Nicola Scott",0,0
wonka,0.0,0.0,0.0,,Jeunesse,1.0,,,0.0,,,,0.0,Sibéal Pounder,0,0
zaï zaï zaï zaï,0.0,0.0,0.0,,,0.0,,,0.0,Bande dessinée adulte,168.0,16.0,1.0,Fabcaro,0,0
zita,0.0,0.0,0.0,,,0.0,2022.0,Prix François-Mauriac,1.0,,,,0.0,Olivier Hercend,0,0
"à contre-sens, tome 1 et tome 2",1.0,0.0,0.0,,,0.0,,,0.0,,,,0.0,Mercedes Ron,0,0
à la ligne,0.0,0.0,0.0,,,0.0,2019.0,Prix du roman populiste,1.0,,,,0.0,Joseph Ponthus,1,2
à l’abri des hommes et des choses,0.0,0.0,0.0,,,0.0,2023.0,Prix François-Mauriac,1.0,,,,0.0,Stéphanie Boulay,0,0
à ma sœur et unique,0.0,0.0,0.0,,,0.0,2023.0,Prix des Deux Magots,1.0,,,,0.0,Guy Boley,0,0
à tout jamais,1.0,1.0,1.0,3.0,,0.0,,,0.0,,,,0.0,Colleen Hoover,1,12
à un souffle du passé,0.0,0.0,0.0,,Historique,1.0,,,0.0,,,,0.0,Patti Callahan Henry,0,0
âme brisée,0.0,0.0,0.0,,,0.0,2020.0,Prix des libraires,1.0,,,,0.0,Akira Mizubayashi,0,0
"écarlate sous la cendre, tome 1",0.0,0.0,0.0,,Young adult,1.0,,,0.0,,,,0.0,Élisabeth Koshava,0,0
"écoute, jolie marcia",0.0,0.0,0.0,,,0.0,2022.0,Fauve d'or : prix du meilleur album,1.0,,,,0.0,Marcello Quintanilha,0,0
écuyère,0.0,0.0,0.0,,Comics,1.0,,,0.0,,,,0.0,Nadia Shammas et Sara Alfageeh,0,0
